{"chunk_definitions":[{"row":14,"row_count":1,"visible":true,"expansion_state":0,"options":{"engine":"r","label":"loaddata"},"document_id":"65E4F1F7","chunk_id":"coe0zwlnkespi","chunk_label":"loaddata"},{"row":19,"row_count":1,"visible":true,"expansion_state":0,"options":{"engine":"r","label":"explore"},"document_id":"65E4F1F7","chunk_id":"c3tb7o4fp0ayd","chunk_label":"explore"},{"row":36,"row_count":1,"visible":true,"expansion_state":0,"options":{"engine":"r","label":"losspercounty"},"document_id":"65E4F1F7","chunk_id":"crx5ys89tsrn0","chunk_label":"losspercounty"},{"row":51,"row_count":1,"visible":true,"expansion_state":0,"options":{"engine":"r","label":"losspercrop"},"document_id":"65E4F1F7","chunk_id":"c6l8z949j4p2a","chunk_label":"losspercrop"},{"row":66,"row_count":1,"visible":true,"expansion_state":0,"options":{"engine":"r","label":"lossperstageproduction"},"document_id":"65E4F1F7","chunk_id":"coboii9n87oud","chunk_label":"lossperstageproduction"}],"doc_write_time":1652682015}